{
    "$schema": "https://schema.management.azure.com/schemas/2015-01-01/deploymentTemplate.json#",
    "contentVersion": "1.0.0.0",
    "parameters": {
        "sites_ashfakcode_name": {
            "defaultValue": "ashfakcode",
            "type": "String"
        },
        "serverfarms_ashfakcode_name": {
            "defaultValue": "ashfakcode",
            "type": "String"
        },
        "components_ashfakcode_name": {
            "defaultValue": "ashfakcode",
            "type": "String"
        },
        "actionGroups_Application_Insights_Smart_Detection_name": {
            "defaultValue": "Application Insights Smart Detection",
            "type": "String"
        }
    },
    "variables": {},
    "resources": [
        {
            "type": "microsoft.insights/actionGroups",
            "apiVersion": "2019-03-01",
            "name": "[parameters('actionGroups_Application_Insights_Smart_Detection_name')]",
            "location": "Global",
            "properties": {
                "groupShortName": "SmartDetect",
                "enabled": true,
                "emailReceivers": [],
                "smsReceivers": [],
                "webhookReceivers": [],
                "itsmReceivers": [],
                "azureAppPushReceivers": [],
                "automationRunbookReceivers": [],
                "voiceReceivers": [],
                "logicAppReceivers": [],
                "azureFunctionReceivers": []
            }
        },
        {
            "type": "microsoft.insights/components",
            "apiVersion": "2018-05-01-preview",
            "name": "[parameters('components_ashfakcode_name')]",
            "location": "centralus",
            "kind": "web",
            "properties": {
                "Application_Type": "web",
                "Flow_Type": "Redfield",
                "Request_Source": "IbizaWebAppExtensionCreate",
                "RetentionInDays": 90,
                "publicNetworkAccessForIngestion": "Enabled",
                "publicNetworkAccessForQuery": "Enabled"
            }
        },
        {
            "type": "Microsoft.Web/serverfarms",
            "apiVersion": "2018-02-01",
            "name": "[parameters('serverfarms_ashfakcode_name')]",
            "location": "Central US",
            "sku": {
                "name": "F1",
                "tier": "Free",
                "size": "F1",
                "family": "F",
                "capacity": 0
            },
            "kind": "app",
            "properties": {
                "perSiteScaling": false,
                "maximumElasticWorkerCount": 1,
                "isSpot": false,
                "reserved": false,
                "isXenon": false,
                "hyperV": false,
                "targetWorkerCount": 0,
                "targetWorkerSizeId": 0
            }
        },
        {
            "type": "Microsoft.Web/sites",
            "apiVersion": "2018-11-01",
            "name": "[parameters('sites_ashfakcode_name')]",
            "location": "Central US",
            "dependsOn": [
                "[resourceId('Microsoft.Web/serverfarms', parameters('serverfarms_ashfakcode_name'))]"
            ],
            "kind": "app",
            "properties": {
                "enabled": true,
                "hostNameSslStates": [
                    {
                        "name": "[concat(parameters('sites_ashfakcode_name'), '.azurewebsites.net')]",
                        "sslState": "Disabled",
                        "hostType": "Standard"
                    },
                    {
                        "name": "[concat(parameters('sites_ashfakcode_name'), '.scm.azurewebsites.net')]",
                        "sslState": "Disabled",
                        "hostType": "Repository"
                    }
                ],
                "serverFarmId": "[resourceId('Microsoft.Web/serverfarms', parameters('serverfarms_ashfakcode_name'))]",
                "reserved": false,
                "isXenon": false,
                "hyperV": false,
                "siteConfig": {},
                "scmSiteAlsoStopped": false,
                "clientAffinityEnabled": true,
                "clientCertEnabled": false,
                "hostNamesDisabled": false,
                "containerSize": 0,
                "dailyMemoryTimeQuota": 0,
                "httpsOnly": false,
                "redundancyMode": "None"
            }
        },
        {
            "type": "Microsoft.Web/sites/config",
            "apiVersion": "2018-11-01",
            "name": "[concat(parameters('sites_ashfakcode_name'), '/web')]",
            "location": "Central US",
            "dependsOn": [
                "[resourceId('Microsoft.Web/sites', parameters('sites_ashfakcode_name'))]"
            ],
            "properties": {
                "numberOfWorkers": 1,
                "defaultDocuments": [
                    "Default.htm",
                    "Default.html",
                    "Default.asp",
                    "index.htm",
                    "index.html",
                    "iisstart.htm",
                    "default.aspx",
                    "index.php",
                    "hostingstart.html"
                ],
                "netFrameworkVersion": "v4.0",
                "nodeVersion": "12.13.0",
                "requestTracingEnabled": false,
                "remoteDebuggingEnabled": false,
                "remoteDebuggingVersion": "VS2019",
                "httpLoggingEnabled": false,
                "logsDirectorySizeLimit": 35,
                "detailedErrorLoggingEnabled": false,
                "publishingUsername": "$ashfakcode",
                "azureStorageAccounts": {},
                "scmType": "VSTSRM",
                "use32BitWorkerProcess": true,
                "webSocketsEnabled": false,
                "alwaysOn": false,
                "managedPipelineMode": "Integrated",
                "virtualApplications": [
                    {
                        "virtualPath": "/",
                        "physicalPath": "site\\wwwroot",
                        "preloadEnabled": false
                    }
                ],
                "loadBalancing": "LeastRequests",
                "experiments": {
                    "rampUpRules": []
                },
                "autoHealEnabled": false,
                "localMySqlEnabled": false,
                "ipSecurityRestrictions": [
                    {
                        "ipAddress": "Any",
                        "action": "Allow",
                        "priority": 1,
                        "name": "Allow all",
                        "description": "Allow all access"
                    }
                ],
                "scmIpSecurityRestrictions": [
                    {
                        "ipAddress": "Any",
                        "action": "Allow",
                        "priority": 1,
                        "name": "Allow all",
                        "description": "Allow all access"
                    }
                ],
                "scmIpSecurityRestrictionsUseMain": false,
                "http20Enabled": false,
                "minTlsVersion": "1.2",
                "ftpsState": "AllAllowed",
                "reservedInstanceCount": 0
            }
        },
        {
            "type": "Microsoft.Web/sites/deployments",
            "apiVersion": "2018-11-01",
            "name": "[concat(parameters('sites_ashfakcode_name'), '/0d7aa8b82a6144a5bedc5a6f2980fc41')]",
            "location": "Central US",
            "dependsOn": [
                "[resourceId('Microsoft.Web/sites', parameters('sites_ashfakcode_name'))]"
            ],
            "properties": {
                "status": 4,
                "author_email": "N/A",
                "author": "N/A",
                "deployer": "VSTS",
                "message": "{\"type\":\"deployment\",\"commitId\":\"25d0675158ae52ff07b08afde98ac4312d6bca16\",\"buildId\":\"53\",\"buildNumber\":\"20201127.11\",\"repoProvider\":\"TfsGit\",\"repoName\":\"test\",\"collectionUrl\":\"https://dev.azure.com/khalilshaikh12345/\",\"teamProject\":\"558370d9-769e-4129-b375-31ae5e5216ad\",\"buildProjectUrl\":\"https://dev.azure.com/khalilshaikh12345/558370d9-769e-4129-b375-31ae5e5216ad\",\"repositoryUrl\":\"https://khalilshaikh12345@dev.azure.com/khalilshaikh12345/test/_git/test\",\"branch\":\"master\",\"teamProjectName\":\"test\",\"slotName\":\"production\"}",
                "start_time": "2020-11-27T01:35:35.9898374Z",
                "end_time": "2020-11-27T01:35:36.2397687Z",
                "active": false
            }
        },
        {
            "type": "Microsoft.Web/sites/deployments",
            "apiVersion": "2018-11-01",
            "name": "[concat(parameters('sites_ashfakcode_name'), '/1426e2f7aecd46ebb505062a9132993a')]",
            "location": "Central US",
            "dependsOn": [
                "[resourceId('Microsoft.Web/sites', parameters('sites_ashfakcode_name'))]"
            ],
            "properties": {
                "status": 4,
                "author_email": "N/A",
                "author": "N/A",
                "deployer": "VSTS",
                "message": "{\"type\":\"deployment\",\"commitId\":\"9b20a6d000c20adb37044af0f6cd6a23064583f3\",\"buildId\":\"58\",\"buildNumber\":\"20201127.1\",\"repoProvider\":\"GitHub\",\"repoName\":\"ashfak-code/react-app\",\"collectionUrl\":\"https://dev.azure.com/khalilshaikh12345/\",\"teamProject\":\"0c0d882d-069b-4cfe-b909-1be5e7c4d2b7\",\"buildProjectUrl\":\"https://dev.azure.com/khalilshaikh12345/0c0d882d-069b-4cfe-b909-1be5e7c4d2b7\",\"repositoryUrl\":\"https://github.com/ashfak-code/react-app\",\"branch\":\"main\",\"teamProjectName\":\"node-apps\",\"slotName\":\"production\"}",
                "start_time": "2020-11-27T01:58:57.5446444Z",
                "end_time": "2020-11-27T01:58:57.872845Z",
                "active": true
            }
        },
        {
            "type": "Microsoft.Web/sites/deployments",
            "apiVersion": "2018-11-01",
            "name": "[concat(parameters('sites_ashfakcode_name'), '/530d144fa55f4e398ea2faf85684db47')]",
            "location": "Central US",
            "dependsOn": [
                "[resourceId('Microsoft.Web/sites', parameters('sites_ashfakcode_name'))]"
            ],
            "properties": {
                "status": 4,
                "author_email": "N/A",
                "author": "N/A",
                "deployer": "VSTS",
                "message": "{\"type\":\"deployment\",\"commitId\":\"b9ef8f9d4b67c772a5a1926f6f36f1e8ec8c42a6\",\"buildId\":\"57\",\"buildNumber\":\"20201127.13\",\"repoProvider\":\"TfsGit\",\"repoName\":\"test\",\"collectionUrl\":\"https://dev.azure.com/khalilshaikh12345/\",\"teamProject\":\"558370d9-769e-4129-b375-31ae5e5216ad\",\"buildProjectUrl\":\"https://dev.azure.com/khalilshaikh12345/558370d9-769e-4129-b375-31ae5e5216ad\",\"repositoryUrl\":\"https://khalilshaikh12345@dev.azure.com/khalilshaikh12345/test/_git/test\",\"branch\":\"master\",\"teamProjectName\":\"test\",\"slotName\":\"production\"}",
                "start_time": "2020-11-27T01:54:46.2867792Z",
                "end_time": "2020-11-27T01:54:46.4899182Z",
                "active": false
            }
        },
        {
            "type": "Microsoft.Web/sites/deployments",
            "apiVersion": "2018-11-01",
            "name": "[concat(parameters('sites_ashfakcode_name'), '/6d8ad87fe1a94bf380671aa1766657d4')]",
            "location": "Central US",
            "dependsOn": [
                "[resourceId('Microsoft.Web/sites', parameters('sites_ashfakcode_name'))]"
            ],
            "properties": {
                "status": 4,
                "author_email": "N/A",
                "author": "N/A",
                "deployer": "VSTS",
                "message": "{\"type\":\"deployment\",\"commitId\":\"25d0675158ae52ff07b08afde98ac4312d6bca16\",\"buildId\":\"52\",\"buildNumber\":\"20201127.10\",\"repoProvider\":\"TfsGit\",\"repoName\":\"test\",\"collectionUrl\":\"https://dev.azure.com/khalilshaikh12345/\",\"teamProject\":\"558370d9-769e-4129-b375-31ae5e5216ad\",\"buildProjectUrl\":\"https://dev.azure.com/khalilshaikh12345/558370d9-769e-4129-b375-31ae5e5216ad\",\"repositoryUrl\":\"https://khalilshaikh12345@dev.azure.com/khalilshaikh12345/test/_git/test\",\"branch\":\"master\",\"teamProjectName\":\"test\",\"slotName\":\"production\"}",
                "start_time": "2020-11-27T01:35:30.6254706Z",
                "end_time": "2020-11-27T01:35:31.0005545Z",
                "active": false
            }
        },
        {
            "type": "Microsoft.Web/sites/deployments",
            "apiVersion": "2018-11-01",
            "name": "[concat(parameters('sites_ashfakcode_name'), '/b491e66b391942c18f01a582286b7e9c')]",
            "location": "Central US",
            "dependsOn": [
                "[resourceId('Microsoft.Web/sites', parameters('sites_ashfakcode_name'))]"
            ],
            "properties": {
                "status": 4,
                "author_email": "N/A",
                "author": "N/A",
                "deployer": "VSTS",
                "message": "{\"type\":\"deployment\",\"commitId\":\"35b7aa44c70f9d275132d199286c0037ee115071\",\"buildId\":\"54\",\"buildNumber\":\"20201127.12\",\"repoProvider\":\"TfsGit\",\"repoName\":\"test\",\"collectionUrl\":\"https://dev.azure.com/khalilshaikh12345/\",\"teamProject\":\"558370d9-769e-4129-b375-31ae5e5216ad\",\"buildProjectUrl\":\"https://dev.azure.com/khalilshaikh12345/558370d9-769e-4129-b375-31ae5e5216ad\",\"repositoryUrl\":\"https://khalilshaikh12345@dev.azure.com/khalilshaikh12345/test/_git/test\",\"branch\":\"master\",\"teamProjectName\":\"test\",\"slotName\":\"production\"}",
                "start_time": "2020-11-27T01:38:22.5396213Z",
                "end_time": "2020-11-27T01:38:22.789555Z",
                "active": false
            }
        },
        {
            "type": "Microsoft.Web/sites/deployments",
            "apiVersion": "2018-11-01",
            "name": "[concat(parameters('sites_ashfakcode_name'), '/e50779eab3d64bba97e12063ed72a8fe')]",
            "location": "Central US",
            "dependsOn": [
                "[resourceId('Microsoft.Web/sites', parameters('sites_ashfakcode_name'))]"
            ],
            "properties": {
                "status": 4,
                "author_email": "N/A",
                "author": "N/A",
                "deployer": "VSTS",
                "message": "{\"type\":\"deployment\",\"commitId\":\"596d0a6954cd29fee1860aa58b8a8caf25916af1\",\"buildId\":\"49\",\"releaseId\":\"2\",\"buildNumber\":\"20201127.7\",\"releaseName\":\"Release-2\",\"repoProvider\":\"TfsGit\",\"repoName\":\"test\",\"collectionUrl\":\"https://dev.azure.com/khalilshaikh12345/\",\"teamProject\":\"558370d9-769e-4129-b375-31ae5e5216ad\",\"buildProjectUrl\":\"https://dev.azure.com/khalilshaikh12345/558370d9-769e-4129-b375-31ae5e5216ad\",\"repositoryUrl\":\"\",\"branch\":\"master\",\"teamProjectName\":\"test\",\"slotName\":\"production\"}",
                "start_time": "2020-11-27T01:22:23.4344238Z",
                "end_time": "2020-11-27T01:22:23.6850074Z",
                "active": false
            }
        },
        {
            "type": "Microsoft.Web/sites/hostNameBindings",
            "apiVersion": "2018-11-01",
            "name": "[concat(parameters('sites_ashfakcode_name'), '/', parameters('sites_ashfakcode_name'), '.azurewebsites.net')]",
            "location": "Central US",
            "dependsOn": [
                "[resourceId('Microsoft.Web/sites', parameters('sites_ashfakcode_name'))]"
            ],
            "properties": {
                "siteName": "ashfakcode",
                "hostNameType": "Verified"
            }
        }
    ]
}